{"cameraMode":{"drawMode":0,"name":"Shaded","section":"Shading Mode"},"sceneLighting":false,"audioPlay":false,"sceneViewState":{"showFog":true,"showMaterialUpdate":false,"showSkybox":false,"showFlares":true,"showImageEffects":true,"showParticleSystems":true},"in2DMode":false,"pivot":{"x":18.765897750854493,"y":0.9873898029327393,"z":24.452301025390626},"rotation":{"x":0.15092307329177857,"y":-0.0002975873358082026,"z":0.0000372044050891418,"w":0.988564670085907},"size":10.0,"orthographic":false}