{"cameraMode":{"drawMode":0,"name":"Shaded","section":"Shading Mode"},"sceneLighting":false,"audioPlay":false,"sceneViewState":{"showFog":true,"showMaterialUpdate":false,"showSkybox":false,"showFlares":true,"showImageEffects":true,"showParticleSystems":true},"in2DMode":false,"pivot":{"x":0.0,"y":0.5069645047187805,"z":-0.06887075304985047},"rotation":{"x":0.432120680809021,"y":0.21545469760894776,"z":-0.10712222009897232,"w":0.8691239356994629},"size":0.9910481572151184,"orthographic":false}