{"cameraMode":{"drawMode":0,"name":"Shaded","section":"Shading Mode"},"sceneLighting":false,"audioPlay":false,"sceneViewState":{"showFog":true,"showMaterialUpdate":false,"showSkybox":false,"showFlares":true,"showImageEffects":true,"showParticleSystems":true},"in2DMode":false,"pivot":{"x":25.821979522705079,"y":3.750000238418579,"z":32.78585433959961},"rotation":{"x":-0.0006456554983742535,"y":0.9941264390945435,"z":-0.1080966368317604,"w":-0.0059641264379024509},"size":16.126737594604493,"orthographic":false}