{"cameraMode":{"drawMode":0,"name":"Shaded","section":"Shading Mode"},"sceneLighting":true,"audioPlay":false,"sceneViewState":{"showFog":true,"showMaterialUpdate":false,"showSkybox":true,"showFlares":true,"showImageEffects":true,"showParticleSystems":true},"in2DMode":false,"pivot":{"x":3.6603426933288576,"y":-0.6218897104263306,"z":2.497313976287842},"rotation":{"x":0.1694520115852356,"y":-0.1673468053340912,"z":0.029212266206741334,"w":0.970789909362793},"size":3.1226184368133547,"orthographic":false}