{"cameraMode":{"drawMode":0,"name":"Shaded","section":"Shading Mode"},"sceneLighting":false,"audioPlay":false,"sceneViewState":{"showFog":true,"showMaterialUpdate":false,"showSkybox":false,"showFlares":true,"showImageEffects":true,"showParticleSystems":true},"in2DMode":false,"pivot":{"x":33.0,"y":12.699999809265137,"z":31.200000762939454},"rotation":{"x":-0.05931048095226288,"y":0.9403625130653381,"z":-0.22237741947174073,"w":-0.25088056921958926},"size":13.117271423339844,"orthographic":false}