{"cameraMode":{"drawMode":0,"name":"Shaded","section":"Shading Mode"},"sceneLighting":false,"audioPlay":false,"sceneViewState":{"showFog":true,"showMaterialUpdate":false,"showSkybox":false,"showFlares":true,"showImageEffects":true,"showParticleSystems":true},"in2DMode":false,"pivot":{"x":33.0,"y":12.699999809265137,"z":31.200000762939454},"rotation":{"x":0.0053196921944618229,"y":0.9943976402282715,"z":-0.08794330805540085,"w":0.06001894548535347},"size":2.8284270763397219,"orthographic":true}