{"cameraMode":{"drawMode":0,"name":"Shaded","section":"Shading Mode"},"sceneLighting":true,"audioPlay":false,"sceneViewState":{"showFog":true,"showMaterialUpdate":false,"showSkybox":true,"showFlares":true,"showImageEffects":true,"showParticleSystems":true},"in2DMode":false,"pivot":{"x":-11.89013957977295,"y":-17.571800231933595,"z":46.148494720458987},"rotation":{"x":-0.2951580584049225,"y":-0.026674015447497369,"z":0.008226389065384865,"w":-0.9551458358764648},"size":44.9919319152832,"orthographic":false}