{"cameraMode":{"drawMode":0,"name":"Shaded","section":"Shading Mode"},"sceneLighting":false,"audioPlay":false,"sceneViewState":{"showFog":true,"showMaterialUpdate":false,"showSkybox":false,"showFlares":true,"showImageEffects":true,"showParticleSystems":true},"in2DMode":false,"pivot":{"x":1.3999998569488526,"y":9.067567825317383,"z":-13.399999618530274},"rotation":{"x":0.13016940653324128,"y":0.06421168148517609,"z":-0.008497639559209347,"w":0.9894463419914246},"size":4.614327907562256,"orthographic":true}