{"cameraMode":{"drawMode":0,"name":"Shaded","section":"Shading Mode"},"sceneLighting":false,"audioPlay":false,"sceneViewState":{"showFog":true,"showMaterialUpdate":false,"showSkybox":false,"showFlares":true,"showImageEffects":true,"showParticleSystems":true},"in2DMode":false,"pivot":{"x":32.3970947265625,"y":300.3829345703125,"z":-11.230790138244629},"rotation":{"x":0.0632411539554596,"y":0.02154773846268654,"z":0.001270083710551262,"w":-0.9978611469268799},"size":2.8284270763397219,"orthographic":true}