{"cameraMode":{"drawMode":0,"name":"Shaded","section":"Shading Mode"},"sceneLighting":true,"audioPlay":false,"sceneViewState":{"showFog":true,"showMaterialUpdate":false,"showSkybox":true,"showFlares":true,"showImageEffects":true,"showParticleSystems":true},"in2DMode":false,"pivot":{"x":-4.782201766967773,"y":7.006814002990723,"z":23.268951416015626},"rotation":{"x":-0.13636602461338044,"y":0.02108369767665863,"z":-0.0028928800020366909,"w":-0.9905271530151367},"size":22.386837005615236,"orthographic":true}