{"cameraMode":{"drawMode":0,"name":"Shaded","section":"Shading Mode"},"sceneLighting":true,"audioPlay":false,"sceneViewState":{"showFog":true,"showMaterialUpdate":false,"showSkybox":true,"showFlares":true,"showImageEffects":true,"showParticleSystems":true},"in2DMode":false,"pivot":{"x":-6.780220985412598,"y":5.416706085205078,"z":23.221435546875},"rotation":{"x":-0.05865993723273277,"y":-0.5305706858634949,"z":0.03682568669319153,"w":-0.8449217677116394},"size":22.386837005615236,"orthographic":true}