{"cameraMode":{"drawMode":0,"name":"Shaded","section":"Shading Mode"},"sceneLighting":true,"audioPlay":false,"sceneViewState":{"showFog":true,"showMaterialUpdate":false,"showSkybox":true,"showFlares":true,"showImageEffects":true,"showParticleSystems":true},"in2DMode":false,"pivot":{"x":-7.737656593322754,"y":5.833150863647461,"z":-0.06413984298706055},"rotation":{"x":-0.093089759349823,"y":-0.044512681663036349,"z":0.004178019240498543,"w":-0.9947486519813538},"size":18.00079345703125,"orthographic":true}