{"cameraMode":{"drawMode":0,"name":"Shaded","section":"Shading Mode"},"sceneLighting":true,"audioPlay":false,"sceneViewState":{"showFog":true,"showMaterialUpdate":false,"showSkybox":true,"showFlares":true,"showImageEffects":true,"showParticleSystems":true},"in2DMode":false,"pivot":{"x":0.49784278869628909,"y":19.88339614868164,"z":28.216007232666017},"rotation":{"x":-0.004050509538501501,"y":-0.6067627668380737,"z":0.0031163436360657217,"w":-0.79498690366745},"size":3.464101552963257,"orthographic":false}