{"cameraMode":{"drawMode":0,"name":"Shaded","section":"Shading Mode"},"sceneLighting":true,"audioPlay":false,"sceneViewState":{"showFog":true,"showMaterialUpdate":false,"showSkybox":true,"showFlares":true,"showImageEffects":true,"showParticleSystems":true},"in2DMode":false,"pivot":{"x":-1.737656593322754,"y":-1.2000000476837159,"z":56.79999923706055},"rotation":{"x":-0.14295777678489686,"y":-0.20712384581565858,"z":0.030611010268330575,"w":-0.9674280881881714},"size":10.0,"orthographic":false}