{"cameraMode":{"drawMode":0,"name":"Shaded","section":"Shading Mode"},"sceneLighting":false,"audioPlay":false,"sceneViewState":{"showFog":true,"showMaterialUpdate":false,"showSkybox":false,"showFlares":true,"showImageEffects":true,"showParticleSystems":true},"in2DMode":false,"pivot":{"x":-1.6156044006347657,"y":2.588979721069336,"z":11.609004974365235},"rotation":{"x":0.03479984030127525,"y":0.016801748424768449,"z":-0.0006147896056063473,"w":0.999326765537262},"size":6.956409454345703,"orthographic":true}