{"cameraMode":{"drawMode":0,"name":"Shaded","section":"Shading Mode"},"sceneLighting":true,"audioPlay":false,"sceneViewState":{"showFog":true,"showMaterialUpdate":false,"showSkybox":true,"showFlares":true,"showImageEffects":true,"showParticleSystems":true},"in2DMode":false,"pivot":{"x":-1.737656593322754,"y":2.833150863647461,"z":-14.064140319824219},"rotation":{"x":-0.05931048095226288,"y":0.9403625130653381,"z":-0.22237741947174073,"w":-0.25088056921958926},"size":10.0,"orthographic":false}